Elapsed time   0.13995s,,0.13995,s
Elapsed time   0.11305s,,0.11305,s
Elapsed time   0.08809s,,0.08809,s
Elapsed time   0.07858s,,0.07858,s
Elapsed time   0.08099s,,0.08099,s
Elapsed time   0.08201s,,0.08201,s
Elapsed time   0.07686s,,0.07686,s
Elapsed time   0.07734s,,0.07734,s
Elapsed time   0.07691s,,0.07691,s
Elapsed time   0.07742s,,0.07742,s
Mean,,0.08912,s
